name,status,owners,owner_type,stake,year,category,note,same_owner_also_owns,confidence,aliases,source_1,source_2,last_verified
PopUp Bagels,pe_controlled,Stripes; Tiger Global,Growth equity,Majority (Stripes),2025,bagels,Stripes became majority owner in Oct 2025 and remains the largest investor; Tiger Global invested in Mar 2026 at a ~$300M valuation. Franchising nationally.,Blank Street; Just Salad; Levain Bakery,high,PopUp Bagel; Pop Up Bagels; Popup Bagels,https://www.qsrmagazine.com/story/tiger-global-backs-popup-bagels-at-300m-valuation/,https://restaurantbusinessonline.com/emerging-brands/popup-bagels-raises-8m-expansion,2026-10-08
Levain Bakery,pe_controlled,Stripes,Growth equity,Majority,2018,bakery,Founders sold a majority stake to Stripes in 2018; Stripes installed the CEO and the brand expanded into grocery and other states.,Just Salad; PopUp Bagels,high,Levain,https://prod.crainsnewyork.com/node/810201,https://www.westsiderag.com/2020/08/06/little-local-cookie-shop-levain-going-national-will-be-in-supermarkets-soon,2026-10-08
Magnolia Bakery,pe_controlled,RSE Ventures,Private investment firm,Acquired,2021,bakery,"Acquired in 2021 by RSE Ventures, the investment firm of Related Cos. chairman Stephen Ross. Now franchising nationally.",Bluestone Lane; Milk Bar; Momofuku,high,Magnolia,https://perishablenews.com/bakery/magnolia-bakery-is-in-its-private-equity-era-and-its-determined-to-get-it-right/,https://www.ilovetheupperwestside.com/magnolia-bakery-sells-to-venture-capital-firm/,2026-10-08
Insomnia Cookies,pe_controlled,Verlinvest; Mistral Equity Partners,Private equity,"Majority (2024), then bought out remaining Krispy Kreme stake (2025)",2024,bakery,"Verlinvest and Mistral bought a majority from Krispy Kreme in July 2024, then acquired Krispy Kreme's remaining minority stake in 2025.",,high,Insomnia,https://www.foodbusinessnews.net/articles/28452-insomnia-cookies-acquires-krispy-kremes-minority-interest,https://bakingbusiness.com/articles/61936-private-equity-companies-acquire-insomnia-cookies,2026-10-08
Joe & the Juice,pe_controlled,General Atlantic; Emirates International Investment Co.,Growth equity,Majority (General Atlantic),2023,juice & coffee,General Atlantic invested in 2016 and took a majority stake in 2023; an Abu Dhabi investor later took a minority stake. A US IPO has been explored.,Blank Street,high,Joe and the Juice; Joe & The Juice; Joe and Juice,https://www.verdictfoodservice.com/newsletters/general-atlantic-joe-and-the-juice,https://pe-insights.com/general-atlantic-brings-in-abu-dhabi-capital-at-1-8bn-valuation-for-joe-the-juice/,2026-10-08
Chopt,pe_controlled,L Catterton,Private equity,Majority (via Founders Table),2021,salad,"L Catterton finances Founders Table Restaurant Group, Chopt's parent; reported to have taken a majority stake in 2021. Founders retain minority positions.",Dos Toros,medium,Chop't; Chopt Creative Salad; Founders Table,https://nrn.com/mergers-acquisitions/chopt-creative-salad-co-to-buy-dos-toros-taqueria-in-deal-financed-by-l-catterton,https://altss.com/profile/chopt-creative-salad-company,2026-10-08
Dos Toros,pe_controlled,L Catterton,Private equity,Acquired (via Founders Table),2020,mexican,"Bought by Chopt in 2020 under the new holding company Founders Table, financed by L Catterton.",Chopt,high,Dos Toros Taqueria,https://nrn.com/mergers-acquisitions/chopt-creative-salad-co-to-buy-dos-toros-taqueria-in-deal-financed-by-l-catterton,,2026-10-08
Go Bagels NYC,pe_controlled,Manhattan Funds,Private equity,Owned (roll-up),,bagels,Manhattan Funds' Bagel Equity Fund buys existing bagel shops and rebrands them as Go Bagels; started with two Manhattan stores.,,medium,Go Bagels,https://www.franchisetimes.com/franchise_news/bagels-are-trending-meet-the-franchisors-and-investors-capitalizing-on-the-breakfast-staple/article_afe31b76-6bf1-4fbb-a9c8-b42d39076021.html,https://pix11.com/new-yorks-best-bagel/go-bagels-knickerbocker-bagel-new-yorks-best-bagel/amp/,2026-10-08
Gregorys Coffee,pe_backed,Craveworthy Brands; Kitchen Fund; Harborfield Management; Branded Hospitality,Restaurant platform + growth equity,Investor and managing partner,2025,coffee,"Craveworthy Brands became an investor and managing partner in Aug 2025, alongside growth equity investors. Founder remains president.",Dig Inn,medium,Gregory's Coffee; Gregorys,https://www.nrn.com/regional-chains/craveworthy-brands-becomes-managing-partner-of-new-york-city-based-gregory-s-coffee,https://www.restaurantbusinessonline.com/emerging-brands/gregorys-coffee-latest-concept-join-craveworthy-brands-franchise-portfolio,2026-10-08
Bluestone Lane,pe_backed,RSE Ventures,Private investment firm,Significant minority,2018,coffee,RSE Ventures led a 2018 round and took a significant minority stake; family offices also invested.,Magnolia Bakery; Milk Bar; Momofuku,high,Bluestone,https://dailycoffeenews.com/2018/07/11/bluestone-lane-plans-to-grow-to-60-stores-with-19-5-million-minority-investment,https://forbes.com.br/forbesagro/2025/10/bluestone-lane-corre-por-fora-no-jogo-das-redes-globais-de-cafeterias-e-grao-do-brasil-esta-no-jogo/,2026-10-08
Milk Bar,pe_backed,RSE Ventures; Sonoma Brands,Private investment firm + venture fund,Significant minority,2017,bakery,RSE Ventures took a significant minority stake in 2017; Sonoma Brands led a 2019 Series B. Founder Christina Tosi remains CEO.,Bluestone Lane; Magnolia Bakery; Momofuku,high,Momofuku Milk Bar,https://www.fortune.com/2017/11/08/milk-bar-funding-rse-ventures-christina-tosi,https://www.fortune.com/2019/10/15/milk-bar-christina-tosi-series-b-funding-round-sonoma-brands,2026-10-08
Momofuku,pe_backed,RSE Ventures,Private investment firm,Minority (founder retains control),2016,restaurant group,RSE Ventures bought a minority stake in Momofuku Holdings in 2016; David Chang retained control. The separate Momofuku Goods product line is venture-funded.,Bluestone Lane; Magnolia Bakery; Milk Bar,high,Momofuku Noodle Bar; Momofuku Ko,https://therealdeal.com/2016/12/13/relateds-steve-ross-buys-into-momofuku,,2026-10-08
Van Leeuwen Ice Cream,pe_backed,NextWorld Evergreen; Strand Equity,Private equity / growth equity,Minority rounds,2020,ice cream,Strand Equity led a 2018 minority round; NextWorld's consumer PE fund led an $18.7M round in 2020. Control not reported as changed.,,high,Van Leeuwen,https://www.businesswire.com/news/home/20200227005271/en/NextWorld-Leads-Series-B-Investment-in-Van-Leeuwen-Ice-Cream,https://www.foodnavigator-usa.com/Article/2018/08/06/Van-Leeuwen-Ice-Cream-closes-Series-A-round-aiming-to-take-its-pints-to-all-50-states-by-2019,2026-10-08
Just Salad,pe_backed,Wellington Management; D1 Capital Partners; Neuberger Berman; Stripes,Institutional investors,Minority round,2025,salad,Raised $200M in Feb 2025 at a ~$1B valuation from a group led by Wellington. Founder Nick Kenner remains CEO.,Levain Bakery; PopUp Bagels,high,,https://www.restaurantbusinessonline.com/financing/just-salad-valued-1b-after-latest-investment,,2026-10-08
Mighty Quinn's Barbeque,pe_backed,Bolt Ventures,Private investment firm,Minority,2021,bbq,Bolt Ventures made a minority investment in 2021 to fund franchise growth.,,high,Mighty Quinns; Mighty Quinn's BBQ,https://restaurantbusinessonline.com/emerging-brands/mighty-quinns-poised-grow-its-bbq-concept-several-fronts,,2026-10-08
Blank Street,vc_backed,General Atlantic; General Catalyst; Tiger Global; Left Lane Capital,Venture / growth,Venture rounds,2026,coffee,Started as a Brooklyn coffee cart in 2020; venture-funded from the start. A 2026 round led by General Atlantic valued it at ~$650M.,Joe & the Juice; PopUp Bagels,high,Blank Street Coffee,https://pulse2.com/blank-street-raises-75-million-in-primary-funding-led-by-general-atlantic-at-650-million-valuation/,https://techcrunch.com/?p=2216786,2026-10-08
Dig Inn,vc_backed,Enlightened Hospitality Investments; Monogram Capital Partners; Kitchen Fund,Venture / growth,Venture rounds,2021,fast casual,"Funded through multiple venture rounds, including a $65M Series F backed by Danny Meyer's growth fund and others.",Gregorys Coffee,high,Dig,https://gcp.restaurantdive.com/news/dig-raises-65m-to-fuel-expansion-employee-benefits/608976,,2026-10-08
Tatte Bakery & Café,other_owner,Ron Shaich,Individual investor (Panera founder),Majority,2016,bakery,Panera bought 50.01% in 2016; founder Ron Shaich later bought Panera's stake and holds the majority. Operates as an independent company.,,medium,Tatte,https://en.wikipedia.org/wiki/Tatte_Bakery_%26_Caf%C3%A9,https://www.bakingbusiness.com/articles/29662-panera-buys-majority-stake-in-boston-area-bakery-chain,2026-10-08
Pret A Manger,pe_controlled,JAB Holding,Family investment firm,Acquired,2018,sandwiches & coffee,"Bought from PE firm Bridgepoint in 2018 by JAB, the investment vehicle of Germany's Reimann family. JAB has explored an IPO or stake sale.",Einstein Bros. Bagels; Panera Bread,high,Pret,https://www.beveragedaily.com/Article/2018/05/29/JAB-adds-Pret-A-Manger-to-bakery-and-coffee-empire/,,2026-10-08
Panera Bread,pe_controlled,JAB Holding,Family investment firm,Acquired,,bakery-cafe,Owned by JAB Holding.,Einstein Bros. Bagels; Pret A Manger,medium,Panera,https://www.beveragedaily.com/Article/2018/05/29/JAB-adds-Pret-A-Manger-to-bakery-and-coffee-empire/,,2026-10-08
Einstein Bros. Bagels,pe_controlled,JAB Holding,Family investment firm,Owned via Panera Brands,,bagels,"Part of Panera Brands (with Bruegger's), which is owned by JAB.",Panera Bread; Pret A Manger,medium,Einstein Bagels; Einstein Bros,https://www.franchisetimes.com/franchise_news/bagels-are-trending-meet-the-franchisors-and-investors-capitalizing-on-the-breakfast-staple/article_afe31b76-6bf1-4fbb-a9c8-b42d39076021.html,https://www.beveragedaily.com/Article/2018/05/29/JAB-adds-Pret-A-Manger-to-bakery-and-coffee-empire/,2026-10-08
Jersey Mike's Subs,pe_controlled,Blackstone,Private equity,Majority,2025,sandwiches,Blackstone completed a majority acquisition in Jan 2025 (~$8B). Founder keeps a significant stake.,,high,Jersey Mike's; Jersey Mikes,https://virginiabusiness.com/blackstone-completes-jersey-mikes-subs-acquisition/,,2026-10-08
Subway,pe_controlled,Roark Capital,Private equity,Acquired,2024,sandwiches,"Sold to Roark Capital (~$9.6B), ending decades of family ownership.",Arby's; Auntie Anne's; Baskin-Robbins; Buffalo Wild Wings; Carvel; Cinnabon; Dunkin'; Jamba; Jimmy John's; Moe's Southwest Grill; Sonic Drive-In,high,,https://qsrmagazine.com/story/subway-finalizes-sale-to-roark-capital,,2026-10-08
Dunkin',pe_controlled,Roark Capital,Private equity,Owned via Inspire Brands,,fast food,"Part of Inspire Brands, which is owned by Roark Capital.",Arby's; Auntie Anne's; Baskin-Robbins; Buffalo Wild Wings; Carvel; Cinnabon; Jamba; Jimmy John's; Moe's Southwest Grill; Sonic Drive-In; Subway,high,Dunkin; Dunkin Donuts,https://qsrmagazine.com/story/subway-finalizes-sale-to-roark-capital,https://www.restaurantdive.com/news/subway-agrees-sale-roark-9B/649717/,2026-10-08
Baskin-Robbins,pe_controlled,Roark Capital,Private equity,Owned via Inspire Brands,,fast food,"Part of Inspire Brands, which is owned by Roark Capital.",Arby's; Auntie Anne's; Buffalo Wild Wings; Carvel; Cinnabon; Dunkin'; Jamba; Jimmy John's; Moe's Southwest Grill; Sonic Drive-In; Subway,high,Baskin Robbins,https://qsrmagazine.com/story/subway-finalizes-sale-to-roark-capital,https://www.restaurantdive.com/news/subway-agrees-sale-roark-9B/649717/,2026-10-08
Arby's,pe_controlled,Roark Capital,Private equity,Owned via Inspire Brands,,fast food,"Part of Inspire Brands, which is owned by Roark Capital.",Auntie Anne's; Baskin-Robbins; Buffalo Wild Wings; Carvel; Cinnabon; Dunkin'; Jamba; Jimmy John's; Moe's Southwest Grill; Sonic Drive-In; Subway,high,Arbys,https://qsrmagazine.com/story/subway-finalizes-sale-to-roark-capital,https://www.restaurantdive.com/news/subway-agrees-sale-roark-9B/649717/,2026-10-08
Buffalo Wild Wings,pe_controlled,Roark Capital,Private equity,Owned via Inspire Brands,,fast food,"Part of Inspire Brands, which is owned by Roark Capital.",Arby's; Auntie Anne's; Baskin-Robbins; Carvel; Cinnabon; Dunkin'; Jamba; Jimmy John's; Moe's Southwest Grill; Sonic Drive-In; Subway,high,BWW; B-Dubs,https://qsrmagazine.com/story/subway-finalizes-sale-to-roark-capital,https://www.restaurantdive.com/news/subway-agrees-sale-roark-9B/649717/,2026-10-08
Jimmy John's,pe_controlled,Roark Capital,Private equity,Owned via Inspire Brands,,fast food,"Part of Inspire Brands, which is owned by Roark Capital.",Arby's; Auntie Anne's; Baskin-Robbins; Buffalo Wild Wings; Carvel; Cinnabon; Dunkin'; Jamba; Moe's Southwest Grill; Sonic Drive-In; Subway,high,Jimmy Johns,https://qsrmagazine.com/story/subway-finalizes-sale-to-roark-capital,https://www.restaurantdive.com/news/subway-agrees-sale-roark-9B/649717/,2026-10-08
Sonic Drive-In,pe_controlled,Roark Capital,Private equity,Owned via Inspire Brands,,fast food,"Part of Inspire Brands, which is owned by Roark Capital.",Arby's; Auntie Anne's; Baskin-Robbins; Buffalo Wild Wings; Carvel; Cinnabon; Dunkin'; Jamba; Jimmy John's; Moe's Southwest Grill; Subway,high,Sonic,https://qsrmagazine.com/story/subway-finalizes-sale-to-roark-capital,https://www.restaurantdive.com/news/subway-agrees-sale-roark-9B/649717/,2026-10-08
Auntie Anne's,pe_controlled,Roark Capital,Private equity,Owned via GoTo Foods,,fast food,"Part of GoTo Foods (formerly Focus Brands), a Roark Capital company.",Arby's; Baskin-Robbins; Buffalo Wild Wings; Carvel; Cinnabon; Dunkin'; Jamba; Jimmy John's; Moe's Southwest Grill; Sonic Drive-In; Subway,high,Auntie Annes,https://qsrmagazine.com/story/subway-finalizes-sale-to-roark-capital,,2026-10-08
Cinnabon,pe_controlled,Roark Capital,Private equity,Owned via GoTo Foods,,fast food,"Part of GoTo Foods (formerly Focus Brands), a Roark Capital company.",Arby's; Auntie Anne's; Baskin-Robbins; Buffalo Wild Wings; Carvel; Dunkin'; Jamba; Jimmy John's; Moe's Southwest Grill; Sonic Drive-In; Subway,high,,https://qsrmagazine.com/story/subway-finalizes-sale-to-roark-capital,,2026-10-08
Carvel,pe_controlled,Roark Capital,Private equity,Owned via GoTo Foods,,fast food,"Part of GoTo Foods (formerly Focus Brands), a Roark Capital company.",Arby's; Auntie Anne's; Baskin-Robbins; Buffalo Wild Wings; Cinnabon; Dunkin'; Jamba; Jimmy John's; Moe's Southwest Grill; Sonic Drive-In; Subway,high,,https://qsrmagazine.com/story/subway-finalizes-sale-to-roark-capital,,2026-10-08
Jamba,pe_controlled,Roark Capital,Private equity,Owned via GoTo Foods,,fast food,"Part of GoTo Foods (formerly Focus Brands), a Roark Capital company.",Arby's; Auntie Anne's; Baskin-Robbins; Buffalo Wild Wings; Carvel; Cinnabon; Dunkin'; Jimmy John's; Moe's Southwest Grill; Sonic Drive-In; Subway,high,Jamba Juice,https://qsrmagazine.com/story/subway-finalizes-sale-to-roark-capital,,2026-10-08
Moe's Southwest Grill,pe_controlled,Roark Capital,Private equity,Owned via GoTo Foods,,fast food,"Part of GoTo Foods (formerly Focus Brands), a Roark Capital company.",Arby's; Auntie Anne's; Baskin-Robbins; Buffalo Wild Wings; Carvel; Cinnabon; Dunkin'; Jamba; Jimmy John's; Sonic Drive-In; Subway,high,Moe's; Moes,https://qsrmagazine.com/story/subway-finalizes-sale-to-roark-capital,,2026-10-08
Checkers,pe_controlled,Garnett Station Partners; Oak Hill Capital,Private equity,Owned,,fast food,Checkers & Rally's are owned by Garnett Station Partners and Oak Hill Capital.,,high,Checkers Drive-In; Rally's,https://mergr.com/company/checkers,,2026-10-08
Pizza Hut,pe_controlled,LongRange Capital,Private equity,Acquired (outside China),,pizza,Yum! Brands sold Pizza Hut outside China to LongRange Capital for $1.5B.,,medium,,https://www.wptv.com/business/company-news/pizza-hut-has-a-new-owner-for-the-first-time-since-1977-after-yum-brands-sells-for-1-5b,,2026-10-08
McDonald's,public,NYSE: MCD,Public company,Publicly traded,,public chain,"Publicly traded (NYSE: MCD). Not PE-owned, but not independent either.",,high,McDonalds,,,2026-10-08
Starbucks,public,NASDAQ: SBUX,Public company,Publicly traded,,public chain,"Publicly traded (NASDAQ: SBUX). Not PE-owned, but not independent either.",,high,,,,2026-10-08
Chipotle,public,NYSE: CMG,Public company,Publicly traded,,public chain,"Publicly traded (NYSE: CMG). Not PE-owned, but not independent either.",,high,Chipotle Mexican Grill,,,2026-10-08
Shake Shack,public,NYSE: SHAK,Public company,Publicly traded,,public chain,"Publicly traded (NYSE: SHAK). Not PE-owned, but not independent either.",,high,,,,2026-10-08
Sweetgreen,public,NYSE: SG,Public company,Publicly traded,,public chain,"Publicly traded (NYSE: SG). Not PE-owned, but not independent either.",,high,,,,2026-10-08
Cava,public,NYSE: CAVA,Public company,Publicly traded,,public chain,"Publicly traded (NYSE: CAVA). Not PE-owned, but not independent either.",,high,,,,2026-10-08
Domino's,public,NYSE: DPZ,Public company,Publicly traded,,public chain,"Publicly traded (NYSE: DPZ). Not PE-owned, but not independent either.",,high,Dominos,,,2026-10-08
Wendy's,public,NASDAQ: WEN,Public company,Publicly traded,,public chain,"Publicly traded (NASDAQ: WEN). Not PE-owned, but not independent either.",,high,Wendys,,,2026-10-08
Burger King,public,NYSE: QSR (Restaurant Brands Intl.),Public company,Publicly traded,,public chain,"Publicly traded (NYSE: QSR (Restaurant Brands Intl.)). Not PE-owned, but not independent either.",,high,,,,2026-10-08
Popeyes,public,NYSE: QSR (Restaurant Brands Intl.),Public company,Publicly traded,,public chain,"Publicly traded (NYSE: QSR (Restaurant Brands Intl.)). Not PE-owned, but not independent either.",,high,,,,2026-10-08
Tim Hortons,public,NYSE: QSR (Restaurant Brands Intl.),Public company,Publicly traded,,public chain,"Publicly traded (NYSE: QSR (Restaurant Brands Intl.)). Not PE-owned, but not independent either.",,high,,,,2026-10-08
KFC,public,NYSE: YUM (Yum! Brands),Public company,Publicly traded,,public chain,"Publicly traded (NYSE: YUM (Yum! Brands)). Not PE-owned, but not independent either.",,high,,,,2026-10-08
Taco Bell,public,NYSE: YUM (Yum! Brands),Public company,Publicly traded,,public chain,"Publicly traded (NYSE: YUM (Yum! Brands)). Not PE-owned, but not independent either.",,high,,,,2026-10-08
Krispy Kreme,public,NASDAQ: DNUT,Public company,Publicly traded,,public chain,"Publicly traded (NASDAQ: DNUT). Not PE-owned, but not independent either.",,high,,,,2026-10-08
Wingstop,public,NASDAQ: WING,Public company,Publicly traded,,public chain,"Publicly traded (NASDAQ: WING). Not PE-owned, but not independent either.",,high,,,,2026-10-08
